"","Site","Longitute","Latitude","Depth","Date_Deploy","Date_Retrieve","Duration_Exposure","Grazer_ID","Grazer_re","Compartment","Species","Kelp_WW_Start","Kelp_WW_End","Consumption_Rate","resid","Test_Diameter","Test_Height","Whole_Weight","Test_Weight","Gonad_Weight","Gut_Weight","Lantern_Weight","Drained_Weight","Gonad_Index","Gut_Index"
"1","Sawtell",153.108782,-30.375104,7,2023-02-07,2023-02-10,3,"1","1","2","Centrostephanus rodgersii",41.32,39.56,0.574166666666666,-0.426614957044934,104,42,388,282.7,35.7,20.7,22.3,361.4,9.20103092783505,5.33505154639175
"2","Sawtell",153.108782,-30.375104,7,2023-02-07,2023-02-10,3,"1","1","4","Centrostephanus rodgersii",46.53,46.72,-0.0758333333333326,-0.966048707675366,92,57,339.2,249.1,17.8,30,22,318.9,5.24764150943396,8.84433962264151
"3","Sawtell",153.108782,-30.375104,7,2023-02-07,2023-02-10,3,"1","1","5","Centrostephanus rodgersii",37.93,39.05,-0.385833333333333,-1.44689231116244,98,56,417.5,278.2,37.2,7,26.5,348.9,8.91017964071856,1.67664670658683
"4","Sawtell",153.108782,-30.375104,7,2023-02-07,2023-02-10,3,"1","1","6","Centrostephanus rodgersii",36.95,38.16,-0.415833333333331,-1.39687573681204,99,57,378.8,290.7,11.9,23.1,49.2,374.9,3.1414994720169,6.09820485744456
"5","Sawtell",153.108782,-30.375104,7,2023-02-07,2023-02-10,3,"1","1","7","Heliocidaris erythrogramma",40.26,39.64,0.194166666666666,-0.0988869444980777,72,39,148,77.7,12.3,5.6,3.8,99.4,8.31081081081081,3.78378378378378
"6","Sawtell",153.108782,-30.375104,7,2023-02-07,2023-02-10,3,"1","1","8","Centrostephanus rodgersii",39.99,35.96,1.33083333333333,0.39463913086992,99,47,358.7,234.4,16.9,24.3,21.1,296.7,4.71145804293281,6.7744633398383
"7","Sawtell",153.108782,-30.375104,7,2023-02-07,2023-02-10,3,"1","1","9","Heliocidaris erythrogramma",41.5,41.36,0.0341666666666669,-0.177307242006445,41,18,26.5,23.6,0.5,2,1.2,27.3,1.88679245283019,7.54716981132075
"8","Sawtell",153.108782,-30.375104,7,2023-02-07,2023-02-10,3,"1","1","10","Heliocidaris erythrogramma",38.35,38.18,0.0441666666666672,-0.178424444902779,44,21,33.5,27.6,5.7,0.6,2,35.9,17.0149253731343,1.7910447761194
"9","Sawtell",153.108782,-30.375104,7,2023-02-07,2023-02-10,3,"1","1","11","Heliocidaris erythrogramma",38.41,38.58,-0.0691666666666672,-0.32484439042481,52,27,67.3,44.7,9.2,2,3.4,59.3,13.6701337295691,2.97176820208024
"10","Sawtell",153.108782,-30.375104,7,2023-02-07,2023-02-10,3,"1","1","12","Heliocidaris erythrogramma",40.14,40.06,0.0141666666666661,-0.231505626668763,51,25,54.5,36.2,2.3,1.8,2.6,42.9,4.22018348623853,3.30275229357798
"11","Sawtell",153.108782,-30.375104,7,2023-02-07,2023-02-10,3,"2","2","2","Centrostephanus rodgersii",41.7,42.5,-0.279166666666666,-1.25868760121614,98,58,378.1,277.3,40.2,30.5,22.6,370.6,10.6321079079609,8.06664903464692
"12","Sawtell",153.108782,-30.375104,7,2023-02-07,2023-02-10,3,"2","2","3","Centrostephanus rodgersii",43.22,34.28,2.9675,1.8112873487717,105,60,468.7,342.1,58.8,23.5,24.6,449,12.5453381694047,5.01386814593557
"13","Sawtell",153.108782,-30.375104,7,2023-02-07,2023-02-10,3,"2","2","4","Heliocidaris erythrogramma",41.24,40.55,0.217500000000002,-0.0243687594404242,48,39,50.3,39.5,1.9,1.8,2.6,45.8,3.77733598409543,3.57852882703777
"14","Sawtell",153.108782,-30.375104,7,2023-02-07,2023-02-10,3,"2","2","5","Centrostephanus rodgersii",43.98,40.99,0.984166666666665,-0.226372044967109,92,51,500.7,307.6,37,21.8,23.2,389.6,7.38965448372279,4.35390453365289
"15","Sawtell",153.108782,-30.375104,7,2023-02-07,2023-02-10,3,"2","2","6","Centrostephanus rodgersii",41.1,38.96,0.700833333333334,-0.194458910192544,105,45,341.3,249.5,28.1,11.6,21.5,310.7,8.23322590096689,3.3987694110753
"16","Sawtell",153.108782,-30.375104,7,2023-02-07,2023-02-10,3,"2","2","7","Heliocidaris erythrogramma",41.48,42.06,-0.205833333333335,-0.493639980670999,69,36,132.5,78,13.5,7.5,4.2,103.2,10.188679245283,5.66037735849057
"17","Sawtell",153.108782,-30.375104,7,2023-02-07,2023-02-10,3,"2","2","8","Heliocidaris erythrogramma",42.01,40.9,0.3575,0.0816843867377635,68,32,102.9,67.3,11.9,2.2,4.6,86,11.5646258503401,2.1379980563654
"18","Sawtell",153.108782,-30.375104,7,2023-02-07,2023-02-10,3,"2","2","10","Centrostephanus rodgersii",40.42,39.03,0.450833333333333,-0.502157882000864,96,48,366.1,238.9,25.4,16.2,20.5,301,6.93799508331057,4.42502048620595
"19","Sawtell",153.108782,-30.375104,7,2023-02-07,2023-02-10,3,"2","2","11","Heliocidaris erythrogramma",42.23,41.71,0.160833333333332,-0.115940457915188,67,33,105,70.1,1.9,3.1,4.3,79.4,1.80952380952381,2.95238095238095
"20","Sawtell",153.108782,-30.375104,7,2023-02-07,2023-02-10,3,"2","2","12","Heliocidaris erythrogramma",40.86,40.74,0.0274999999999991,-0.248453686713997,63,36,103.2,69.6,8.4,4.3,4.3,86.6,8.13953488372093,4.16666666666667
"21","Sawtell",153.108782,-30.375104,7,2023-02-07,2023-02-10,3,"3","3","1","Centrostephanus rodgersii",40.46,37.34,1.0275,-0.00448275001294896,106,49,403,292.5,59.6,13.2,22.1,387.4,14.7890818858561,3.27543424317618
"22","Sawtell",153.108782,-30.375104,7,2023-02-07,2023-02-10,3,"3","3","2","Centrostephanus rodgersii",40.98,40.21,0.244166666666665,-0.862123078506548,99,55,441.1,329.5,31.1,24.9,25,410.5,7.0505554296078,5.64497846293357
"23","Sawtell",153.108782,-30.375104,7,2023-02-07,2023-02-10,3,"3","3","3","Centrostephanus rodgersii",40.54,40.09,0.137499999999999,-1.08704719126083,97,55,509.3,318.1,31.9,28,26.3,404.3,6.26349892008639,5.49774199882191
"24","Sawtell",153.108782,-30.375104,7,2023-02-07,2023-02-10,3,"3","3","6","Heliocidaris erythrogramma",39.64,39.3,0.100833333333334,-0.11342104596988,42,19,28.1,22.7,3.9,0.5,1.3,28.4,13.8790035587189,1.77935943060498
"25","Sawtell",153.108782,-30.375104,7,2023-02-07,2023-02-10,3,"3","3","7","Heliocidaris erythrogramma",38.51,37.11,0.454166666666666,0.175186514943663,62,30,110,66.9,4.1,3.2,3.6,77.8,3.72727272727273,2.90909090909091
"26","Sawtell",153.108782,-30.375104,7,2023-02-07,2023-02-10,3,"3","3","8","Heliocidaris erythrogramma",39.32,38.8,0.160833333333334,-0.134595308263328,72,34,155.6,86.2,11.4,4,3.8,105.4,7.32647814910026,2.5706940874036
"27","Sawtell",153.108782,-30.375104,7,2023-02-07,2023-02-10,3,"3","3","9","Heliocidaris erythrogramma",38.78,38.59,0.0508333333333326,-0.209281421172123,60,38,73.9,47.2,7,1.6,3.3,59.1,9.4722598105548,2.16508795669824
"28","Sawtell",153.108782,-30.375104,7,2023-02-07,2023-02-10,3,"3","3","10","Heliocidaris erythrogramma",37.6,29.03,2.84416666666667,2.62510125437989,42,18,31.1,24.1,1.5,2.1,1.6,29.3,4.82315112540193,6.7524115755627
"29","Sawtell",153.108782,-30.375104,7,2023-02-07,2023-02-10,3,"3","3","11","Centrostephanus rodgersii",36.5,37.4,-0.3125,-1.47657250471262,111,49,473.2,348.4,44.3,29.1,23.7,445.5,9.36179205409975,6.14961961115807
"30","Sawtell",153.108782,-30.375104,7,2023-02-07,2023-02-10,3,"3","3","12","Centrostephanus rodgersii",43.29,43.09,0.0541666666666652,-0.900620066050442,90,41,366.9,275.5,29.1,9.8,18.1,332.5,7.93131643499591,2.67102752793677
"31","Sawtell",153.108782,-30.375104,7,2023-02-07,2023-02-10,3,"4","4","1","Heliocidaris erythrogramma",41.01,42.37,-0.465833333333333,-0.682393704167039,45,19,29.5,21.5,3.8,0.8,1.8,27.9,12.8813559322034,2.71186440677966
"32","Sawtell",153.108782,-30.375104,7,2023-02-07,2023-02-10,3,"4","4","3","Centrostephanus rodgersii",39.71,39.94,-0.0891666666666656,-1.12765520303523,96,52,406.2,278.5,50,5.6,18.5,352.6,12.3092072870507,1.37863121614968
"33","Sawtell",153.108782,-30.375104,7,2023-02-07,2023-02-10,3,"4","4","5","Heliocidaris erythrogramma",42.29,41.66,0.197500000000001,-0.0860788707217607,69,33,121.2,80.1,3.9,9.2,4.7,97.9,3.21782178217822,7.59075907590759
"34","Sawtell",153.108782,-30.375104,7,2023-02-07,2023-02-10,3,"4","4","6","Centrostephanus rodgersii",41.51,38.69,0.9275,0.0126785160571036,88,49,349.5,230,21.4,14.3,19.7,285.4,6.12303290414878,4.09155937052933
"35","Sawtell",153.108782,-30.375104,7,2023-02-07,2023-02-10,3,"4","4","7","Centrostephanus rodgersii",40.9,37.09,1.2575,0.263103177357038,94,46,385,250.2,28.1,14.4,19.9,312.6,7.2987012987013,3.74025974025974
"36","Sawtell",153.108782,-30.375104,7,2023-02-07,2023-02-10,3,"4","4","8","Heliocidaris erythrogramma",39.14,39.61,-0.169166666666666,-0.441936695582043,63,32,96.5,56.2,6.2,2.6,3.8,68.8,6.42487046632124,2.69430051813472
"37","Sawtell",153.108782,-30.375104,7,2023-02-07,2023-02-10,3,"4","4","9","Centrostephanus rodgersii",40.49,41.29,-0.279166666666666,-1.31155753927516,91,36,403.2,268.9,28,18.5,18.1,333.5,6.94444444444444,4.58829365079365
"38","Sawtell",153.108782,-30.375104,7,2023-02-07,2023-02-10,3,"4","4","10","Heliocidaris erythrogramma",41.26,38.49,0.910833333333332,0.622492779451155,73,34,134,70.2,12.9,3.6,5,91.7,9.62686567164179,2.6865671641791
"39","Sawtell",153.108782,-30.375104,7,2023-02-07,2023-02-10,3,"4","4","11","Heliocidaris erythrogramma",42.5,42.53,-0.0225000000000004,-0.281048894635548,57,33,71.5,47.2,5.1,4.6,3.2,60.1,7.13286713286713,6.43356643356643
"40","Sawtell",153.108782,-30.375104,7,2023-02-07,2023-02-10,3,"4","4","12","Centrostephanus rodgersii",41.22,32.39,2.93083333333333,1.5119840926705,109,61,645,365.8,39.2,31.2,21.8,458,6.07751937984496,4.83720930232558
"41","Sawtell",153.108782,-30.375104,7,2023-02-07,2023-02-10,3,"5","5","1","Heliocidaris erythrogramma",37.6,30.44,2.37416666666667,2.0624413201232,84,44,219.4,108.8,5.9,5.7,5.8,126.2,2.68915223336372,2.59799453053783
"42","Sawtell",153.108782,-30.375104,7,2023-02-07,2023-02-10,3,"5","5","2","Heliocidaris erythrogramma",45.16,45.4,-0.0925000000000007,-0.376196122196023,62,35,121.5,69.2,7.5,3.3,3.8,83.8,6.17283950617284,2.71604938271605
"43","Sawtell",153.108782,-30.375104,7,2023-02-07,2023-02-10,3,"5","5","3","Heliocidaris erythrogramma",44.45,42.9,0.504166666666668,0.274244245325689,47,24,39.1,25.6,3.5,1.1,2.6,32.8,8.95140664961637,2.81329923273657
"44","Sawtell",153.108782,-30.375104,7,2023-02-07,2023-02-10,3,"5","5","4","Centrostephanus rodgersii",40.74,37.21,1.16416666666667,-0.0889504025821465,109,50,527.3,331.2,54.4,28.8,16.9,431.3,10.3167077564954,5.46178645932107
"45","Sawtell",153.108782,-30.375104,7,2023-02-07,2023-02-10,3,"5","5","5","Centrostephanus rodgersii",44.05,40.26,1.25083333333333,0.255155579612255,92,51,385.6,263.1,40.6,25.8,16.9,346.4,10.5290456431535,6.69087136929461
"46","Sawtell",153.108782,-30.375104,7,2023-02-07,2023-02-10,3,"5","5","6","Heliocidaris erythrogramma",40.6,40.34,0.074166666666666,-0.138193776176715,40,20,27,24.2,4.1,0.9,1.6,30.8,15.1851851851852,3.33333333333333
"47","Sawtell",153.108782,-30.375104,7,2023-02-07,2023-02-10,3,"5","5","7","Heliocidaris erythrogramma",40.25,42.8,-0.862499999999999,-1.12274293890019,56,28,74.1,46.2,6.3,2.3,2.7,57.5,8.50202429149797,3.10391363022942
"48","Sawtell",153.108782,-30.375104,7,2023-02-07,2023-02-10,3,"5","5","9","Heliocidaris erythrogramma",45.58,45.6,-0.0191666666666677,-0.315050331233948,72,46,157.1,81,14.5,1.6,5,102.1,9.22978994271165,1.01845957988542
"49","Sawtell",153.108782,-30.375104,7,2023-02-07,2023-02-10,3,"5","5","10","Centrostephanus rodgersii",40.13,30.34,3.25083333333333,2.20749900342526,90,49,408.6,255.6,41.2,13.5,20.6,330.9,10.0832109642682,3.30396475770925
"50","Sawtell",153.108782,-30.375104,7,2023-02-07,2023-02-10,3,"5","5","12","Centrostephanus rodgersii",40.44,40.3,0.0341666666666669,-1.22702249903975,92,59,532.5,314.4,46,33.3,21.8,415.5,8.63849765258216,6.25352112676056
"51","Sawtell",153.108782,-30.375104,7,2023-02-07,2023-02-10,3,"6","6","1","Centrostephanus rodgersii",44.3,34.42,3.28083333333333,2.05499507478852,106,48,510.1,292.7,18.6,33.6,25.6,370.5,3.64634385414625,6.58694373652225
"52","Sawtell",153.108782,-30.375104,7,2023-02-07,2023-02-10,3,"6","6","2","Centrostephanus rodgersii",42.52,34.25,2.74416666666667,1.76769713864825,90,49,376.7,234.1,32.1,18.5,14.9,299.6,8.52136979028405,4.91106981683037
"53","Sawtell",153.108782,-30.375104,7,2023-02-07,2023-02-10,3,"6","6","3","Centrostephanus rodgersii",43.08,41.19,0.6175,-0.288566869519165,91,44,345.8,230.5,22.2,14.9,22.6,290.2,6.4198958935801,4.30884904569115
"54","Sawtell",153.108782,-30.375104,7,2023-02-07,2023-02-10,3,"6","6","4","Centrostephanus rodgersii",38.46,37.93,0.164166666666667,-0.949733516197067,93,46,445.2,266.2,23.1,20.9,19.1,329.3,5.18867924528302,4.69451931716083
"55","Sawtell",153.108782,-30.375104,7,2023-02-07,2023-02-10,3,"6","6","6","Centrostephanus rodgersii",46.76,46.9,-0.0591666666666669,-0.785420127345773,92,55,277.9,192.8,31.1,8.8,22.9,255.6,11.1910759265923,3.16660669305506
"56","Sawtell",153.108782,-30.375104,7,2023-02-07,2023-02-10,3,"6","6","7","Centrostephanus rodgersii",38.12,38.7,-0.205833333333335,-1.07939095168796,82,51,332.4,228.9,25.3,11.7,20.9,286.8,7.61131167268351,3.51985559566787
"57","Sawtell",153.108782,-30.375104,7,2023-02-07,2023-02-10,3,"6","6","8","Centrostephanus rodgersii",44.72,43.25,0.4775,-0.412472835323782,88,42,339.1,228,12.8,16.7,16.8,274.3,3.7746977292834,4.92480094367443
"58","Sawtell",153.108782,-30.375104,7,2023-02-07,2023-02-10,3,"6","6","9","Centrostephanus rodgersii",43.05,35.72,2.43083333333333,1.4695705087538,75,48,369.8,279.2,30.7,25.2,20,355.1,8.30178474851271,6.81449432125473
"59","Sawtell",153.108782,-30.375104,7,2023-02-07,2023-02-10,3,"6","6","10","Centrostephanus rodgersii",38.86,38.4,0.140833333333334,-0.899879735876887,93,44,407.3,266.5,38.6,7.7,17.8,330.6,9.47704394794991,1.89049840412472
"60","Sawtell",153.108782,-30.375104,7,2023-02-07,2023-02-10,3,"6","6","11","Centrostephanus rodgersii",43.17,42.64,0.164166666666667,-0.878180630206823,92,47,408.11,269.8,25.1,17.4,18.1,330.4,6.15030261449119,4.26355639410943
"61","Forster",152.521732,-32.179135,4,2023-02-16,2023-02-19,3,"1","7","1","Heliocidaris erythrogramma",9.98,9.95,0.0646666666666671,-0.262666697523421,91,46,304.9,143.6,35.6,10.3,6.4,195.9,11.6759593309282,3.37815677271236
"62","Forster",152.521732,-32.179135,4,2023-02-16,2023-02-19,3,"1","7","2","Heliocidaris erythrogramma",8.95,8.86,0.0846666666666666,-0.197239499812038,73,39,117,59.4,6.8,5,3.1,74.3,5.81196581196581,4.27350427350427
"63","Forster",152.521732,-32.179135,4,2023-02-16,2023-02-19,3,"1","7","5","Heliocidaris erythrogramma",8.15,8.31,0.00133333333333329,-0.298820309238505,78,49,171.9,85,22.6,4.9,4.6,117.1,13.1471785922048,2.85049447353112
"64","Forster",152.521732,-32.179135,4,2023-02-16,2023-02-19,3,"1","7","6","Heliocidaris erythrogramma",9.69,9.55,0.101333333333333,-0.181416559030439,70,39,119.1,62.6,8.7,6.1,3.8,81.2,7.30478589420655,5.12174643157011
"65","Forster",152.521732,-32.179135,4,2023-02-16,2023-02-19,3,"1","7","8","Heliocidaris erythrogramma",11.54,11.35,0.118,-0.192098072142208,83,53,212,100.9,18.1,5.5,4.4,128.9,8.5377358490566,2.59433962264151
"66","Forster",152.521732,-32.179135,4,2023-02-16,2023-02-19,3,"1","7","10","Heliocidaris erythrogramma",11.5,11.35,0.104666666666667,-0.168397339618737,68,32,97.1,53.1,7.2,7.2,2.9,70.4,7.41503604531411,7.41503604531411
"67","Forster",152.521732,-32.179135,4,2023-02-16,2023-02-19,3,"1","7","12","Heliocidaris erythrogramma",11.11,10.4,0.291333333333333,-0.0227533711368795,87,45,230.6,107.7,22.5,7.3,5.9,143.4,9.75715524718127,3.16565481352992
"68","Forster",152.521732,-32.179135,4,2023-02-16,2023-02-19,3,"4","8","1","Heliocidaris erythrogramma",10.2,10.78,-0.138666666666667,-0.412119829573807,59,32,97.9,51.6,11.3,3.6,4.7,71.2,11.5423901940756,3.67722165474974
"69","Forster",152.521732,-32.179135,4,2023-02-16,2023-02-19,3,"4","8","3","Heliocidaris erythrogramma",14.25,13.95,0.154666666666667,-0.107887253773631,62,32,77.8,42.2,6.8,5.4,2,56.4,8.74035989717224,6.94087403598972
"70","Forster",152.521732,-32.179135,4,2023-02-16,2023-02-19,3,"4","8","4","Heliocidaris erythrogramma",8.39,8.1,0.151333333333334,-0.136150061125101,80,36,131.6,66.6,18.4,5.8,3.7,94.5,13.9817629179331,4.40729483282675
"71","Forster",152.521732,-32.179135,4,2023-02-16,2023-02-19,3,"4","8","8","Heliocidaris erythrogramma",11.65,11.58,0.0780000000000001,-0.195549955179883,70,38,98.1,52.2,6,3.7,4.1,66,6.11620795107034,3.77166156982671
"72","Forster",152.521732,-32.179135,4,2023-02-16,2023-02-19,3,"4","8","9","Heliocidaris erythrogramma",11.85,12.36,-0.115333333333333,-0.388738025927432,63,35,97.8,50.9,5.8,5,3.4,65.1,5.93047034764826,5.11247443762781
"73","Forster",152.521732,-32.179135,4,2023-02-16,2023-02-19,3,"4","8","10","Heliocidaris erythrogramma",10.54,10.13,0.191333333333333,0.00204358625165109,37,19,16.6,11.3,1,1.4,1.2,14.9,6.02409638554217,8.43373493975904
"74","Forster",152.521732,-32.179135,4,2023-02-16,2023-02-19,3,"5","9","2","Heliocidaris erythrogramma",13.4,13.14,0.141333333333333,-0.115733309506434,63,31,69.3,39.6,6.8,3.6,2,52,9.81240981240981,5.19480519480519
"75","Forster",152.521732,-32.179135,4,2023-02-16,2023-02-19,3,"5","9","6","Heliocidaris erythrogramma",14.9,15.76,-0.232,-0.515657070569952,74,41,121.4,61.6,11.4,10.5,3.3,86.8,9.39044481054366,8.6490939044481
"76","Forster",152.521732,-32.179135,4,2023-02-16,2023-02-19,3,"5","9","10","Heliocidaris erythrogramma",8.95,8.93,0.0613333333333332,-0.183371901162461,55,28,53.4,29.9,3.7,3.2,1.8,38.6,6.92883895131086,5.99250936329588
"77","Forster",152.521732,-32.179135,4,2023-02-16,2023-02-19,3,"5","9","12","Heliocidaris erythrogramma",8.49,8.33,0.108,-0.175185925663931,72,42,120.2,65.4,14.9,6.5,4.8,91.6,12.396006655574,5.40765391014975
"78","Shellharbour",150.885944,-34.593712,3,2023-02-21,2023-02-26,5,"1","10","2","Centrostephanus rodgersii",22.69,22.94,-0.1718,-0.802093008267695,84,41,247.3,164.8,14.7,11.1,12.8,203.4,5.94419733117671,4.48847553578649
"79","Shellharbour",150.885944,-34.593712,3,2023-02-21,2023-02-26,5,"1","10","4","Centrostephanus rodgersii",24.33,20.06,0.7322,-0.184032412375343,92,44,350.1,214.5,11.2,15.1,20.2,261,3.19908597543559,4.31305341331048
"80","Shellharbour",150.885944,-34.593712,3,2023-02-21,2023-02-26,5,"1","10","7","Heliocidaris erythrogramma",19.82,17.79,0.2842,0.0350875500513376,54,25,58.6,39.2,4.8,6.1,2.3,52.4,8.19112627986348,10.4095563139932
"81","Shellharbour",150.885944,-34.593712,3,2023-02-21,2023-02-26,5,"1","10","8","Heliocidaris erythrogramma",18.21,17.46,0.0282,-0.209943143435871,52,25,46.5,27.5,3.2,4,3.1,37.8,6.88172043010753,8.60215053763441
"82","Shellharbour",150.885944,-34.593712,3,2023-02-21,2023-02-26,5,"1","10","9","Centrostephanus rodgersii",23.31,20.14,0.5122,0.0282287157819183,72,34,207,139.2,12.7,10.3,7,169.2,6.13526570048309,4.97584541062802
"83","Shellharbour",150.885944,-34.593712,3,2023-02-21,2023-02-26,5,"1","10","10","Heliocidaris erythrogramma",25.74,21.89,0.6482,0.404210676413087,52,22,52.6,31.9,3.9,7.7,2.7,46.2,7.41444866920152,14.638783269962
"84","Shellharbour",150.885944,-34.593712,3,2023-02-21,2023-02-26,5,"1","10","11","Heliocidaris erythrogramma",19.93,13.08,1.2482,1.00558285111145,54,27,51.1,29.3,1.6,9.7,2.5,43.1,3.13111545988258,18.9823874755382
"85","Shellharbour",150.885944,-34.593712,3,2023-02-21,2023-02-26,5,"1","10","12","Heliocidaris erythrogramma",22.99,20.86,0.3042,0.0892752463250811,45,21,28.5,18.8,2.3,4.5,2.1,27.7,8.07017543859649,15.7894736842105
"86","Shellharbour",150.885944,-34.593712,3,2023-02-21,2023-02-26,5,"2","11","2","Heliocidaris erythrogramma",21.88,18.06,0.6422,0.390719594200144,55,28,61.6,31.9,2.6,8.4,3.6,46.5,4.22077922077922,13.6363636363636
"87","Shellharbour",150.885944,-34.593712,3,2023-02-21,2023-02-26,5,"2","11","3","Heliocidaris erythrogramma",20.3,19.82,-0.0257999999999999,-0.258203664914721,50,19,41.2,24.4,2.9,3.5,2.7,33.5,7.03883495145631,8.49514563106796
"88","Shellharbour",150.885944,-34.593712,3,2023-02-21,2023-02-26,5,"2","11","4","Heliocidaris erythrogramma",20.86,19.85,0.0801999999999996,-0.133885294642195,44,21,28,20.7,2.5,4.1,2.4,29.7,8.92857142857143,14.6428571428571
"89","Shellharbour",150.885944,-34.593712,3,2023-02-21,2023-02-26,5,"2","11","5","Centrostephanus rodgersii",28.16,25.31,0.4482,-0.366641696462547,84,50,309.5,194.6,11.1,16.8,18.9,241.4,3.58642972536349,5.4281098546042
"90","Shellharbour",150.885944,-34.593712,3,2023-02-21,2023-02-26,5,"2","11","7","Centrostephanus rodgersii",18.31,18.17,-0.0938000000000006,-0.441043519124002,67,31,175.3,116,8.7,8.2,11.7,144.6,4.96292070735881,4.67769537934969
"91","Shellharbour",150.885944,-34.593712,3,2023-02-21,2023-02-26,5,"2","11","9","Centrostephanus rodgersii",23.8,14.8,1.6782,1.12527591020176,76,40,225.1,164.1,15.4,17.2,14.8,211.5,6.84140382052421,7.64104842292315
"92","Shellharbour",150.885944,-34.593712,3,2023-02-21,2023-02-26,5,"2","11","11","Centrostephanus rodgersii",21.79,21.62,-0.0878000000000004,-0.606017599265671,79,39,215.8,141.3,16.8,8.8,15.7,182.6,7.78498609823911,4.07784986098239
"93","Shellharbour",150.885944,-34.593712,3,2023-02-21,2023-02-26,5,"2","11","12","Centrostephanus rodgersii",21.06,14.95,1.1002,0.503860267090681,84,44,237.3,184.4,5.4,9.2,21.4,220.4,2.275600505689,3.87694900969237
"94","Shellharbour",150.885944,-34.593712,3,2023-02-21,2023-02-26,5,"3","12","1","Centrostephanus rodgersii",13.45,0,2.5682,2.03749890271296,82,42,219.1,135.2,10.1,14.2,19.6,179.1,4.60976722957554,6.48105887722501
"95","Shellharbour",150.885944,-34.593712,3,2023-02-21,2023-02-26,5,"3","12","3","Heliocidaris erythrogramma",11.15,7.57,0.5942,0.342107608971255,54,26,62.4,33.2,2.3,9,3.5,48,3.68589743589744,14.4230769230769
"96","Shellharbour",150.885944,-34.593712,3,2023-02-21,2023-02-26,5,"3","12","5","Centrostephanus rodgersii",20.91,21.33,-0.2058,-0.871890911178546,86,42,258.3,161.5,14.3,7.5,13.6,196.9,5.53619821912505,2.90360046457607
"97","Shellharbour",150.885944,-34.593712,3,2023-02-21,2023-02-26,5,"3","12","6","Heliocidaris erythrogramma",17.14,15.66,0.1742,-0.0694272745220657,49,26,52.2,27.6,3.1,3.9,2.3,36.9,5.93869731800766,7.47126436781609
"98","Shellharbour",150.885944,-34.593712,3,2023-02-21,2023-02-26,5,"3","12","7","Centrostephanus rodgersii",17.02,17.22,-0.1618,-0.971576423475865,85,38,307.6,181.5,6.4,11.8,16.6,216.3,2.08062418725618,3.83615084525358
"99","Shellharbour",150.885944,-34.593712,3,2023-02-21,2023-02-26,5,"3","12","8","Heliocidaris erythrogramma",17.05,16.35,0.0181999999999999,-0.227472293335429,50,27,54.5,29,2.6,5.9,2.3,39.8,4.77064220183486,10.8256880733945
"100","Shellharbour",150.885944,-34.593712,3,2023-02-21,2023-02-26,5,"3","12","9","Heliocidaris erythrogramma",22.46,21.85,0.000199999999999889,-0.246505253159946,50,26,55.7,31.4,3.1,7.3,2.9,44.7,5.56552962298025,13.1059245960503
"101","Shellharbour",150.885944,-34.593712,3,2023-02-21,2023-02-26,5,"3","12","10","Centrostephanus rodgersii",25.17,22.18,0.4762,0.17033427541887,78,42,166.7,122.4,10.3,10.7,12.3,155.7,6.17876424715057,6.41871625674865
"102","Shellharbour",150.885944,-34.593712,3,2023-02-21,2023-02-26,5,"3","12","11","Heliocidaris erythrogramma",15.16,15.15,-0.1198,-0.383019802685051,60,28,78.9,41.9,5.3,8.3,3.3,58.8,6.71736375158428,10.5196451204056
"103","Shellharbour",150.885944,-34.593712,3,2023-02-21,2023-02-26,5,"3","12","12","Centrostephanus rodgersii",14.45,14.81,-0.1938,-0.810341244945397,79,38,243.2,181,13,7.8,16.9,218.7,5.34539473684211,3.20723684210526
"104","Shellharbour",150.885944,-34.593712,3,2023-02-21,2023-02-26,5,"4","13","1","Heliocidaris erythrogramma",15.5,12,0.5782,0.302338317577092,61,31,103,55.6,3.7,13.1,3.7,76.1,3.59223300970874,12.7184466019417
"105","Shellharbour",150.885944,-34.593712,3,2023-02-21,2023-02-26,5,"4","13","2","Heliocidaris erythrogramma",18.84,20.34,-0.4218,-0.674421476005997,56,40,63.1,36.9,2.6,8.2,2.7,50.4,4.12044374009509,12.9952456418384
"106","Shellharbour",150.885944,-34.593712,3,2023-02-21,2023-02-26,5,"4","13","5","Heliocidaris erythrogramma",19.63,17.35,0.334199999999999,0.0696758396865699,67,36,81.1,44.3,5.4,9.9,3,62.6,6.65844636251541,12.2071516646116
"107","Shellharbour",150.885944,-34.593712,3,2023-02-21,2023-02-26,5,"4","13","9","Heliocidaris erythrogramma",20.1,19.32,0.0342000000000002,-0.21450603617491,55,32,58.1,32.3,8.3,6.4,2.6,49.6,14.2857142857143,11.0154905335628
"108","Shellharbour",150.885944,-34.593712,3,2023-02-21,2023-02-26,5,"4","13","10","Heliocidaris erythrogramma",15.1,15.27,-0.1558,-0.410839189394412,64,34,66.4,37.3,4.9,8.1,3.2,53.5,7.37951807228916,12.1987951807229
"109","Shellharbour",150.885944,-34.593712,3,2023-02-21,2023-02-26,5,"5","14","2","Heliocidaris erythrogramma",21.98,21.55,-0.0358000000000001,-0.28916721774065,67,34,64.1,36.3,2.5,3.9,6.8,49.5,3.90015600624025,6.08424336973479
"110","Shellharbour",150.885944,-34.593712,3,2023-02-21,2023-02-26,5,"5","14","3","Heliocidaris erythrogramma",24.58,24.45,-0.0958000000000002,-0.330121356225498,56,30,42.9,25.1,2.7,4,2.2,34,6.29370629370629,9.32400932400932
"111","Shellharbour",150.885944,-34.593712,3,2023-02-21,2023-02-26,5,"5","14","6","Heliocidaris erythrogramma",23.35,20.19,0.5102,0.271448794425295,55,30,47.1,27.6,3,6.1,1.8,38.5,6.36942675159236,12.9511677282378
"112","Shellharbour",150.885944,-34.593712,3,2023-02-21,2023-02-26,5,"5","14","7","Centrostephanus rodgersii",25.3,22.87,0.3642,-0.411451276335884,97,44,295.1,168.7,8.7,10.4,15.3,203.1,2.94815316841748,3.52422907488987
"113","Shellharbour",150.885944,-34.593712,3,2023-02-21,2023-02-26,5,"5","14","8","Centrostephanus rodgersii",22.87,23.17,-0.1818,-0.595714103659936,79,57,190.1,122.3,5.8,4.5,10.8,143.4,3.05102577590742,2.36717517096265
"114","Shellharbour",150.885944,-34.593712,3,2023-02-21,2023-02-26,5,"5","14","10","Centrostephanus rodgersii",27.56,20.48,1.2942,0.767639054129323,81,45,218,153.3,8.8,19.8,12.8,194.7,4.03669724770642,9.08256880733945
"115","Shellharbour",150.885944,-34.593712,3,2023-02-21,2023-02-26,5,"5","14","11","Heliocidaris erythrogramma",22.08,22.08,-0.1218,-0.378592093898386,63,40,68.9,41,4.1,4.8,2.4,52.3,5.95065312046444,6.966618287373
"116","Shellharbour",150.885944,-34.593712,3,2023-02-21,2023-02-26,5,"6","15","1","Centrostephanus rodgersii",23.71,0,4.6202,3.92225155777503,93,41,268.5,189.4,9.3,23.4,13.2,235.3,3.46368715083799,8.71508379888268
"117","Shellharbour",150.885944,-34.593712,3,2023-02-21,2023-02-26,5,"6","15","4","Centrostephanus rodgersii",15.75,2.6,2.5082,1.66668646610972,89,52,319.7,196.1,10,19.6,14,239.7,3.12793243665937,6.13074757585236
"118","Shellharbour",150.885944,-34.593712,3,2023-02-21,2023-02-26,5,"6","15","5","Centrostephanus rodgersii",23.42,11.91,2.1802,1.57421122888979,90,55,240.1,179.6,3.8,16.1,15.8,215.3,1.58267388588088,6.70553935860058
"119","Shellharbour",150.885944,-34.593712,3,2023-02-21,2023-02-26,5,"6","15","7","Heliocidaris erythrogramma",15.95,8.25,1.4182,1.1838786437745,50,30,42.9,22.9,2.9,5.9,1.9,33.6,6.75990675990676,13.7529137529138
"120","Shellharbour",150.885944,-34.593712,3,2023-02-21,2023-02-26,5,"6","15","8","Centrostephanus rodgersii",13.08,8.72,0.7502,0.228179476371942,78,35,216.8,137.8,6.8,15.7,19,179.3,3.13653136531365,7.24169741697417
"121","Shellharbour",150.885944,-34.593712,3,2023-02-21,2023-02-26,5,"6","15","10","Heliocidaris erythrogramma",12.96,8.96,0.6782,0.430734527937692,60,31,56.6,28.9,3.9,4.7,7.3,44.8,6.8904593639576,8.30388692579505
"122","Shellharbour",150.885944,-34.593712,3,2023-02-21,2023-02-26,5,"6","15","11","Heliocidaris erythrogramma",11.78,11.75,-0.1158,-0.357385040565341,73,36,50,30.2,4.2,8.1,3.1,45.6,8.4,16.2
"123","Merimbula",149.927413,-36.899308,6,2023-02-28,2023-03-06,6,"1","16","1","Centrostephanus rodgersii",18.82,0,3.16216666666667,2.12875637259366,92,42,403.7,249.1,30.7,25.2,18.9,323.9,7.60465692345801,6.24225910329453
"124","Merimbula",149.927413,-36.899308,6,2023-02-28,2023-03-06,6,"1","16","2","Heliocidaris erythrogramma",17.41,15.46,0.3505,0.0661833855892826,64,33,123.1,62.5,6.9,12.4,3.4,85.2,5.60519902518278,10.0731112916328
"125","Merimbula",149.927413,-36.899308,6,2023-02-28,2023-03-06,6,"1","16","3","Centrostephanus rodgersii",24.36,13.64,1.81216666666667,1.2179093932859,85,33,236.7,161.1,26.6,17.6,12.4,217.7,11.2378538234052,7.43557245458386
"126","Merimbula",149.927413,-36.899308,6,2023-02-28,2023-03-06,6,"1","16","5","Centrostephanus rodgersii",20.32,12.07,1.4005,0.510042158132428,99,43,339.3,208.3,34.7,22.8,13,278.8,10.2269378131447,6.71971706454465
"127","Merimbula",149.927413,-36.899308,6,2023-02-28,2023-03-06,6,"1","16","6","Heliocidaris erythrogramma",18.88,16,0.5055,0.228276649014158,64,30,106,59.2,5.6,12.5,3.4,80.7,5.28301886792453,11.7924528301887
"128","Merimbula",149.927413,-36.899308,6,2023-02-28,2023-03-06,6,"1","16","7","Heliocidaris erythrogramma",19.32,12.99,1.0805,0.812809015200325,60,31,86.7,52.7,3.8,8.5,3.3,68.3,4.38292964244521,9.80392156862745
"129","Merimbula",149.927413,-36.899308,6,2023-02-28,2023-03-06,6,"1","16","8","Heliocidaris erythrogramma",22.01,21.1,0.177166666666667,-0.0604637345084858,49,22,46,29.3,2.6,3.6,1.5,37,5.65217391304348,7.82608695652174
"130","Merimbula",149.927413,-36.899308,6,2023-02-28,2023-03-06,6,"1","16","10","Heliocidaris erythrogramma",22.55,12.42,1.71383333333333,1.42552818684152,75,30,133.9,69.6,3.6,13.3,3.5,90,2.68857356235997,9.932785660941
"131","Merimbula",149.927413,-36.899308,6,2023-02-28,2023-03-06,6,"1","16","11","Centrostephanus rodgersii",19.07,16,0.537166666666667,-0.404968352713007,96,41,361.3,211.9,39.1,21.6,17.4,290,10.8220315527263,5.97841129255466
"132","Merimbula",149.927413,-36.899308,6,2023-02-28,2023-03-06,6,"1","16","12","Centrostephanus rodgersii",24,12.46,1.94883333333333,0.996066833496898,101,44,366,262,45.1,9.9,20.9,337.9,12.3224043715847,2.70491803278689
"133","Merimbula",149.927413,-36.899308,6,2023-02-28,2023-03-06,6,"2","17","3","Centrostephanus rodgersii",18.38,15.57,0.493833333333333,-0.25143826768355,82,38,284.4,164.8,25.1,13.7,14.1,217.7,8.82559774964838,4.81715893108298
"134","Merimbula",149.927413,-36.899308,6,2023-02-28,2023-03-06,6,"2","17","4","Heliocidaris erythrogramma",28.32,27.65,0.137166666666667,-0.105357576810817,47,22,51,26.7,2.7,2,1.8,33.2,5.29411764705882,3.92156862745098
"135","Merimbula",149.927413,-36.899308,6,2023-02-28,2023-03-06,6,"2","17","5","Centrostephanus rodgersii",23.68,19.32,0.752166666666667,-0.0190125846579756,87,38,293.5,184.4,37.8,16.6,17,255.8,12.8790459965928,5.65587734241908
"136","Merimbula",149.927413,-36.899308,6,2023-02-28,2023-03-06,6,"2","17","8","Heliocidaris erythrogramma",18.79,24.62,-0.946166666666667,-1.18997531118866,47,25,52.4,29.1,2.3,7.1,1.9,40.4,4.38931297709924,13.5496183206107
"137","Merimbula",149.927413,-36.899308,6,2023-02-28,2023-03-06,6,"2","17","9","Heliocidaris erythrogramma",23.88,16.3,1.28883333333333,1.00656373061506,64,34,117.9,61.2,2.7,14.6,3.1,81.6,2.29007633587786,12.3833757421544
"138","Merimbula",149.927413,-36.899308,6,2023-02-28,2023-03-06,6,"2","17","11","Centrostephanus rodgersii",24.77,24.41,0.0854999999999999,-0.4288970114662,85,37,214.8,163.7,14,10.4,11.4,199.5,6.51769087523278,4.84171322160149
"139","Merimbula",149.927413,-36.899308,6,2023-02-28,2023-03-06,6,"2","17","12","Centrostephanus rodgersii",32.53,9.58,3.8505,2.67263721296797,111,57,481.2,289.9,13.3,34,26.8,364,2.76392352452203,7.06566916043225
"140","Merimbula",149.927413,-36.899308,6,2023-02-28,2023-03-06,6,"3","18","1","Heliocidaris erythrogramma",22.95,21.12,0.3305,0.0777284346371565,53,25,63.3,36,2.8,6.6,2,47.4,4.42338072669826,10.4265402843602
"141","Merimbula",149.927413,-36.899308,6,2023-02-28,2023-03-06,6,"3","18","3","Centrostephanus rodgersii",27.8,24.37,0.597166666666667,-0.674460189575531,99,56,539.3,313.3,54.8,16.1,29.1,413.3,10.1613202299277,2.98535138142036
"142","Merimbula",149.927413,-36.899308,6,2023-02-28,2023-03-06,6,"3","18","5","Centrostephanus rodgersii",23.48,18.61,0.837166666666667,0.0809770915938825,82,39,288.2,178.6,33.6,11.8,17.7,241.7,11.6585704371964,4.09437890353921
"143","Merimbula",149.927413,-36.899308,6,2023-02-28,2023-03-06,6,"3","18","8","Centrostephanus rodgersii",20.94,17.58,0.5855,-0.414433174874685,86,50,387.6,226.8,30.2,22.3,19.2,298.5,7.79153766769866,5.75335397316822
"144","Merimbula",149.927413,-36.899308,6,2023-02-28,2023-03-06,6,"4","19","1","Centrostephanus rodgersii",32.38,21.66,1.81216666666667,1.1670402777417,81,33,251.8,154.8,21.1,11.3,14.4,201.6,8.37966640190627,4.48768864177919
"145","Merimbula",149.927413,-36.899308,6,2023-02-28,2023-03-06,6,"4","19","2","Centrostephanus rodgersii",19.55,16.67,0.5055,0.181093928955833,69,29,170.5,110.9,17.3,11.2,11.9,151.3,10.1466275659824,6.56891495601173
"146","Merimbula",149.927413,-36.899308,6,2023-02-28,2023-03-06,6,"4","19","3","Heliocidaris erythrogramma",23.7,18.51,0.8905,0.612171046569038,63,32,108.5,62.5,6.3,10.3,3.6,82.7,5.80645161290323,9.49308755760369
"147","Merimbula",149.927413,-36.899308,6,2023-02-28,2023-03-06,6,"4","19","4","Heliocidaris erythrogramma",27.68,26.75,0.1805,-0.0370153332399905,42,16,30.1,18,1,0.5,1.4,20.9,3.32225913621262,1.66112956810631
"148","Merimbula",149.927413,-36.899308,6,2023-02-28,2023-03-06,6,"4","19","5","Heliocidaris erythrogramma",34.02,33,0.195500000000001,-0.04893803267816,48,23,53.1,34.5,3.2,2.9,2.1,42.7,6.02636534839925,5.46139359698682
"149","Merimbula",149.927413,-36.899308,6,2023-02-28,2023-03-06,6,"4","19","6","Centrostephanus rodgersii",32.89,29.7,0.557166666666667,-0.133086947934948,80,32,266,165.6,30.2,11.8,17.8,225.4,11.3533834586466,4.43609022556391
"150","Merimbula",149.927413,-36.899308,6,2023-02-28,2023-03-06,6,"4","19","8","Centrostephanus rodgersii",18.76,4.69,2.3705,1.49620032379221,90,35,332.7,190,30.3,20.4,19.1,259.8,9.107303877367,6.13165013525699
"151","Merimbula",149.927413,-36.899308,6,2023-02-28,2023-03-06,6,"4","19","9","Centrostephanus rodgersii",21.2,0,3.55883333333333,2.53753347469883,100,43,397.8,271.2,42.6,26.6,23.5,363.9,10.7088989441931,6.68677727501257
"152","Merimbula",149.927413,-36.899308,6,2023-02-28,2023-03-06,6,"4","19","11","Heliocidaris erythrogramma",22.45,17.88,0.787166666666667,0.530237099636718,54,24,69.1,42.1,4.9,7.9,2.3,57.2,7.09117221418235,11.4327062228654
"153","Merimbula",149.927413,-36.899308,6,2023-02-28,2023-03-06,6,"4","19","12","Heliocidaris erythrogramma",23.71,23.14,0.1205,-0.107314154380642,42,22,37.4,24.1,2.4,2.9,1.6,31,6.41711229946524,7.75401069518717
"154","Merimbula",149.927413,-36.899308,6,2023-02-28,2023-03-06,6,"5","20","1","Centrostephanus rodgersii",21.56,17.79,0.653833333333333,0.0630585845211694,83,41,235.7,173.2,18.2,15.9,11.8,219.1,7.72168010182435,6.74586338565974
"155","Merimbula",149.927413,-36.899308,6,2023-02-28,2023-03-06,6,"5","20","5","Heliocidaris erythrogramma",26.19,28.05,-0.2845,-0.520129803267146,48,23,44.1,24.1,2.3,1.8,1.9,30.1,5.21541950113379,4.08163265306122
"156","Merimbula",149.927413,-36.899308,6,2023-02-28,2023-03-06,6,"5","20","6","Heliocidaris erythrogramma",25.72,16.04,1.63883333333333,1.34252888352145,72,46,158.5,79.4,2.4,12.1,5,98.9,1.51419558359621,7.63406940063091
"157","Merimbula",149.927413,-36.899308,6,2023-02-28,2023-03-06,6,"5","20","8","Centrostephanus rodgersii",23.9,16.71,1.22383333333333,0.200674556225342,98,48,398.7,235.1,47.9,19,23,325,12.0140456483572,4.76548783546526
"158","Merimbula",149.927413,-36.899308,6,2023-02-28,2023-03-06,6,"5","20","11","Centrostephanus rodgersii",18.73,14.75,0.688833333333333,-0.176517158598865,90,36,329.1,212.9,42.8,10.7,17.5,283.9,13.0051656031601,3.25129140079003
"159","Merimbula",149.927413,-36.899308,6,2023-02-28,2023-03-06,6,"5","20","12","Heliocidaris erythrogramma",27.08,21.94,0.882166666666666,0.640109699847586,43,28,50.5,27.8,4.5,6.1,2.2,40.6,8.91089108910891,12.0792079207921
"160","Merimbula",149.927413,-36.899308,6,2023-02-28,2023-03-06,6,"6","21","2","Centrostephanus rodgersii",30.48,31.47,-0.1395,-1.02020295642794,100,44,335.3,242.5,47.5,11.3,15.6,316.9,14.1664181330152,3.37011631374888
"161","Merimbula",149.927413,-36.899308,6,2023-02-28,2023-03-06,6,"6","21","3","Heliocidaris erythrogramma",19.08,17.1,0.355499999999999,0.10425113996768,51,27,61.3,36.7,2.2,2.8,3.1,44.8,3.58890701468189,4.56769983686786
"162","Merimbula",149.927413,-36.899308,6,2023-02-28,2023-03-06,6,"6","21","4","Heliocidaris erythrogramma",23.75,23.16,0.123833333333333,-0.135894776118992,52,28,73.3,43.7,2.6,4.6,2.5,53.4,3.54706684856753,6.27557980900409
"163","Merimbula",149.927413,-36.899308,6,2023-02-28,2023-03-06,6,"6","21","5","Heliocidaris erythrogramma",15.77,15.71,0.0354999999999998,-0.198041086264705,45,23,42.2,25.8,2,1.4,1.4,30.6,4.739336492891,3.3175355450237
"164","Merimbula",149.927413,-36.899308,6,2023-02-28,2023-03-06,6,"6","21","7","Centrostephanus rodgersii",19.9,15.2,0.808833333333333,-0.121838692925696,85,48,356.3,223.2,33.8,16,19.4,292.4,9.48638787538591,4.49059781083357
"165","Merimbula",149.927413,-36.899308,6,2023-02-28,2023-03-06,6,"6","21","8","Centrostephanus rodgersii",18.02,17.12,0.1755,-0.679285213618877,87,43,324.9,200.3,25.7,16.8,20,262.8,7.91012619267467,5.17082179132041
"166","Merimbula",149.927413,-36.899308,6,2023-02-28,2023-03-06,6,"6","21","9","Heliocidaris erythrogramma",25.46,19.02,1.09883333333333,0.84108719180533,58,34,70.3,36.6,4.2,3.6,2.4,46.8,5.97439544807966,5.12091038406828
"167","Merimbula",149.927413,-36.899308,6,2023-02-28,2023-03-06,6,"6","21","12","Heliocidaris erythrogramma",22.52,21.67,0.167166666666666,-0.086348302586569,48,30,64.3,37.6,5.5,4.7,2.1,49.9,8.55365474339036,7.3094867807154
"168","Fortescue",147.967609,-43.139916,4,2023-03-20,2023-03-27,7,"1","22","1","Centrostephanus rodgersii",18.33,18.28,-0.00828571428571469,-0.451109683893095,70,34,196.9,108.1,15.1,5.3,7,135.5,7.66886744540376,2.69172168613509
"169","Fortescue",147.967609,-43.139916,4,2023-03-20,2023-03-27,7,"1","22","3","Heliocidaris erythrogramma",22.15,22.44,-0.0568571428571432,-0.380386447422499,93,44,281.4,115,15.3,9.6,7.6,147.5,5.43710021321962,3.41151385927505
"170","Fortescue",147.967609,-43.139916,4,2023-03-20,2023-03-27,7,"1","22","4","Heliocidaris erythrogramma",22.71,17.81,0.684571428571429,0.375628265752311,84,37,206.9,86.2,15.4,16,5.6,123.2,7.44320927984534,7.73320444659256
"171","Fortescue",147.967609,-43.139916,4,2023-03-20,2023-03-27,7,"1","22","5","Centrostephanus rodgersii",16.5,14.24,0.307428571428571,-0.50900622638625,97,41,310.1,189.1,26.1,19.3,13.9,248.4,8.41663979361496,6.22379877458884
"172","Fortescue",147.967609,-43.139916,4,2023-03-20,2023-03-27,7,"1","22","6","Centrostephanus rodgersii",19.3,16.69,0.357428571428571,-0.181490833837941,72,39,221.3,146.6,30.1,18,10.1,204.8,13.6014460009037,8.13375508359693
"173","Fortescue",147.967609,-43.139916,4,2023-03-20,2023-03-27,7,"1","22","7","Heliocidaris erythrogramma",19.1,8.38,1.516,1.18277889442147,99,42,345.2,134.3,26.1,34.5,6.9,201.8,7.56083429895713,9.99420625724218
"174","Fortescue",147.967609,-43.139916,4,2023-03-20,2023-03-27,7,"1","22","8","Heliocidaris erythrogramma",19.32,11.93,1.04028571428571,0.725973307391283,86,39,231.7,95.2,13.5,18.6,6.2,133.5,5.82649978420371,8.02762192490289
"175","Fortescue",147.967609,-43.139916,4,2023-03-20,2023-03-27,7,"1","22","9","Heliocidaris erythrogramma",20.65,20.8,-0.0368571428571432,-0.350343613386234,90,42,227.7,100.3,19.1,9.5,6.9,135.8,8.38823012736056,4.17215634606939
"176","Fortescue",147.967609,-43.139916,4,2023-03-20,2023-03-27,7,"1","22","10","Centrostephanus rodgersii",22.64,19.86,0.381714285714286,0.093807163256973,73,31,163.1,110.1,13.6,7.8,6.4,137.9,8.33844267320662,4.78234212139792
"177","Fortescue",147.967609,-43.139916,4,2023-03-20,2023-03-27,7,"1","22","11","Centrostephanus rodgersii",29.31,24.19,0.716,-0.025793494040184,86,38,283.2,197.3,30.8,16.1,14.1,258.3,10.8757062146893,5.68502824858757
"178","Fortescue",147.967609,-43.139916,4,2023-03-20,2023-03-27,7,"2","23","1","Heliocidaris erythrogramma",20.68,17.63,0.420285714285714,0.107745945790797,89,44,223.2,108,15.3,13,7.5,143.8,6.85483870967742,5.82437275985663
"179","Fortescue",147.967609,-43.139916,4,2023-03-20,2023-03-27,7,"2","23","3","Centrostephanus rodgersii",18.46,10.55,1.11457142857143,0.720363190570795,79,44,185.6,131,18.8,20.7,6.5,177,10.1293103448276,11.1530172413793
"180","Fortescue",147.967609,-43.139916,4,2023-03-20,2023-03-27,7,"2","23","5","Heliocidaris erythrogramma",15.65,14.4,0.163142857142857,-0.171990174638585,103,58,359.4,155.4,32.5,33.3,7.2,228.4,9.04284919309961,9.26544240400668
"181","Fortescue",147.967609,-43.139916,4,2023-03-20,2023-03-27,7,"2","23","6","Centrostephanus rodgersii",15.58,10.58,0.698857142857143,0.0076763392701452,85,40,266.3,148.9,28.4,23.9,12,213.2,10.6646639128802,8.97484040555764
"182","Fortescue",147.967609,-43.139916,4,2023-03-20,2023-03-27,7,"2","23","7","Heliocidaris erythrogramma",14.88,13.98,0.113142857142857,-0.208600381015707,91,54,271,151.8,21.9,19.2,6.9,199.8,8.08118081180812,7.08487084870849
"183","Fortescue",147.967609,-43.139916,4,2023-03-20,2023-03-27,7,"2","23","8","Centrostephanus rodgersii",14.87,12.66,0.300285714285714,-0.226275231584962,84,42,218,138.6,28,16.3,10,192.9,12.8440366972477,7.47706422018349
"184","Fortescue",147.967609,-43.139916,4,2023-03-20,2023-03-27,7,"2","23","9","Centrostephanus rodgersii",18.55,13.05,0.770285714285714,-0.0224685948856903,80,35,301.3,188.5,19.1,21.5,9,238.1,6.33919681380684,7.13574510454696
"185","Fortescue",147.967609,-43.139916,4,2023-03-20,2023-03-27,7,"2","23","10","Centrostephanus rodgersii",17.06,20.76,-0.544,-1.13197807438187,77,41,234.9,153.8,12,23.1,10.1,199,5.10855683269476,9.83397190293742
"186","Fortescue",147.967609,-43.139916,4,2023-03-20,2023-03-27,7,"2","23","11","Heliocidaris erythrogramma",17.68,14.97,0.371714285714286,0.0653379808224976,87,47,196,112,17.3,17.1,6.3,152.7,8.8265306122449,8.72448979591837
"187","Fortescue",147.967609,-43.139916,4,2023-03-20,2023-03-27,7,"2","23","12","Heliocidaris erythrogramma",19.07,18.08,0.126,-0.184165140073039,92,46,212.3,119.6,20.3,17.3,6.8,164,9.56194065002355,8.14884597268017
"188","Fortescue",147.967609,-43.139916,4,2023-03-20,2023-03-27,7,"3","24","1","Centrostephanus rodgersii",14.26,11.98,0.310285714285714,-0.470644705458004,80,43,297,178.9,27.1,20.1,9.5,235.6,9.12457912457913,6.76767676767677
"189","Fortescue",147.967609,-43.139916,4,2023-03-20,2023-03-27,7,"3","24","2","Heliocidaris erythrogramma",17.53,17.53,-0.0154285714285714,-0.311762934957741,79,37,158.6,69.5,9,8.5,3.7,90.7,5.67465321563682,5.359394703657
"190","Fortescue",147.967609,-43.139916,4,2023-03-20,2023-03-27,7,"3","24","3","Heliocidaris erythrogramma",13.75,10.14,0.500285714285714,0.149190640642416,112,56,503.2,180.4,14,34.9,11.9,241.2,2.78219395866455,6.93561208267091
"191","Fortescue",147.967609,-43.139916,4,2023-03-20,2023-03-27,7,"3","24","4","Centrostephanus rodgersii",15.79,13.51,0.310285714285714,-0.0126717428100521,75,31,170.2,120.8,16.9,11.8,10,159.5,9.92949471210341,6.93301997649824
"192","Fortescue",147.967609,-43.139916,4,2023-03-20,2023-03-27,7,"3","24","5","Centrostephanus rodgersii",18,17.53,0.0517142857142856,-0.492761801847928,74,35,222.8,139.2,18.9,10,11,179.1,8.48294434470377,4.48833034111311
"193","Fortescue",147.967609,-43.139916,4,2023-03-20,2023-03-27,7,"3","24","8","Centrostephanus rodgersii",24.65,23.28,0.180285714285714,-0.844521915440404,98,47,399.5,237.1,42.5,30.7,14.4,324.7,10.6382978723404,7.6846057571965
"194","Fortescue",147.967609,-43.139916,4,2023-03-20,2023-03-27,7,"3","24","9","Heliocidaris erythrogramma",14.61,14.08,0.0602857142857142,-0.267681168391698,90,47,309,128.1,27.2,24.1,6.9,186.3,8.80258899676375,7.79935275080906
"195","Fortescue",147.967609,-43.139916,4,2023-03-20,2023-03-27,7,"3","24","10","Heliocidaris erythrogramma",13.31,12.95,0.0360000000000002,-0.248852964844372,70,37,124.5,62.6,12,12.2,3.1,89.9,9.63855421686747,9.79919678714859
"196","Fortescue",147.967609,-43.139916,4,2023-03-20,2023-03-27,7,"3","24","11","Centrostephanus rodgersii",20.76,17.95,0.386,-0.129927376697279,75,34,215.2,140.2,15.7,19.8,9.8,185.5,7.29553903345725,9.20074349442379
"197","Fortescue",147.967609,-43.139916,4,2023-03-20,2023-03-27,7,"3","24","12","Heliocidaris erythrogramma",17.17,17.1,-0.00542857142857139,-0.330139689025771,98,42,288.5,119.9,13,10.4,5.8,149.1,4.50606585788562,3.60485268630849
"198","Fortescue",147.967609,-43.139916,4,2023-03-20,2023-03-27,7,"4","25","1","Centrostephanus rodgersii",13.97,10.5,0.480285714285714,-0.12878064913624,80,39,241,160,26.2,12.3,12,210.5,10.8713692946058,5.10373443983403
"199","Fortescue",147.967609,-43.139916,4,2023-03-20,2023-03-27,7,"4","25","2","Centrostephanus rodgersii",21.64,18.36,0.453142857142857,-0.0669784020199974,81,40,216.3,151.2,25.2,13.7,11.7,201.8,11.6504854368932,6.333795654184
"200","Fortescue",147.967609,-43.139916,4,2023-03-20,2023-03-27,7,"4","25","3","Heliocidaris erythrogramma",18.06,14.51,0.491714285714286,0.177197622702336,86,41,232.7,108.9,22.3,22.5,4.9,158.6,9.58315427589171,9.6691018478728
"201","Fortescue",147.967609,-43.139916,4,2023-03-20,2023-03-27,7,"4","25","4","Centrostephanus rodgersii",14.53,13.37,0.150285714285714,-0.319254128292519,70,31,203.4,132.3,17.9,10.1,8.4,168.7,8.80039331366765,4.96558505408063
"202","Fortescue",147.967609,-43.139916,4,2023-03-20,2023-03-27,7,"4","25","5","Heliocidaris erythrogramma",15.74,15.63,0.000285714285714205,-0.310080062408342,84,36,213.2,96.5,17.2,10.8,6,130.5,8.06754221388368,5.0656660412758
"203","Fortescue",147.967609,-43.139916,4,2023-03-20,2023-03-27,7,"4","25","7","Heliocidaris erythrogramma",17.69,13.23,0.621714285714286,0.322649069661223,78,39,168,73.1,9.2,11.5,4,97.8,5.47619047619048,6.8452380952381
"204","Fortescue",147.967609,-43.139916,4,2023-03-20,2023-03-27,7,"4","25","8","Centrostephanus rodgersii",17.95,15.28,0.366,-0.336531022737054,82,39,270,156.9,26.6,18.2,9.4,211.1,9.85185185185185,6.74074074074074
"205","Fortescue",147.967609,-43.139916,4,2023-03-20,2023-03-27,7,"4","25","10","Heliocidaris erythrogramma",19.28,17.68,0.213142857142857,-0.122580329874539,102,43,363.9,150.7,41.4,21.4,7.3,220.8,11.3767518549052,5.88073646606211
"206","Fortescue",147.967609,-43.139916,4,2023-03-20,2023-03-27,7,"4","25","11","Heliocidaris erythrogramma",15.12,13.19,0.260285714285714,-0.0307047642749899,76,37,141.7,68.5,8.6,12.7,4.8,94.6,6.06916019760057,8.96259703599153
"207","Fortescue",147.967609,-43.139916,4,2023-03-20,2023-03-27,7,"4","25","12","Centrostephanus rodgersii",29.93,25.47,0.621714285714286,0.200048145968321,78,37,191.9,135.1,13.5,20.4,11.5,180.5,7.03491401771756,10.6305367378843
"208","Fortescue",147.967609,-43.139916,4,2023-03-20,2023-03-27,7,"5","26","1","Heliocidaris erythrogramma",16,16.08,-0.0268571428571426,-0.307531338844792,76,44,114,74.9,7.2,9.3,3.1,94.5,6.31578947368421,8.15789473684211
"209","Fortescue",147.967609,-43.139916,4,2023-03-20,2023-03-27,7,"5","26","2","Heliocidaris erythrogramma",16.69,16.31,0.0388571428571432,-0.268120287916678,85,43,198.5,87.6,11,8.4,4,111,5.54156171284635,4.23173803526448
"210","Fortescue",147.967609,-43.139916,4,2023-03-20,2023-03-27,7,"5","26","4","Centrostephanus rodgersii",12.72,13.18,-0.081142857142857,-0.524801924359466,78,41,197.1,135.2,25.1,8.5,9.3,178.1,12.7346524606799,4.31253170979198
"211","Fortescue",147.967609,-43.139916,4,2023-03-20,2023-03-27,7,"5","26","5","Centrostephanus rodgersii",16.9,11.86,0.704571428571429,0.0343509763900636,84,38,259.6,148.9,20.8,25,10.3,205,8.01232665639445,9.63020030816641
"212","Fortescue",147.967609,-43.139916,4,2023-03-20,2023-03-27,7,"5","26","6","Centrostephanus rodgersii",17.63,16.78,0.106,-0.24592254809109,74,30,176.3,122.7,8.6,15.1,8,154.4,4.8780487804878,8.56494611457742
"213","Fortescue",147.967609,-43.139916,4,2023-03-20,2023-03-27,7,"5","26","7","Heliocidaris erythrogramma",18.65,15.49,0.436,0.108760059734768,97,38,304.3,141.6,23.5,38.8,8,211.9,7.72264212947749,12.7505750903713
"214","Fortescue",147.967609,-43.139916,4,2023-03-20,2023-03-27,7,"5","26","8","Heliocidaris erythrogramma",17.99,16.11,0.253142857142857,-0.0566184453203761,87,42,210.5,99.8,9.8,13.9,5,128.5,4.65558194774347,6.60332541567696
"215","Fortescue",147.967609,-43.139916,4,2023-03-20,2023-03-27,7,"5","26","10","Centrostephanus rodgersii",18.88,12.97,0.828857142857143,-0.162757467176922,110,51,383.7,223.7,37.6,33.9,15.8,311,9.79932238728173,8.83502736512901
"216","Fortescue",147.967609,-43.139916,4,2023-03-20,2023-03-27,7,"5","26","11","Heliocidaris erythrogramma",21.27,21.54,-0.0539999999999999,-0.373319699931096,89,45,257.5,112.9,15.9,15.6,6,150.4,6.1747572815534,6.05825242718447
"217","Fortescue",147.967609,-43.139916,4,2023-03-20,2023-03-27,7,"5","26","12","Centrostephanus rodgersii",16.07,11.02,0.706,-0.0504749423174296,83,44,288.3,197.7,31.2,25.2,14.6,268.7,10.8220603537981,8.74089490114464
"218","Fortescue",147.967609,-43.139916,4,2023-03-20,2023-03-27,7,"6","27","1","Centrostephanus rodgersii",31.37,28.4,0.408857142857143,-0.254362662179869,86,46,257.4,173.3,26.5,17.8,14,231.6,10.2952602952603,6.91530691530692
"219","Fortescue",147.967609,-43.139916,4,2023-03-20,2023-03-27,7,"6","27","2","Heliocidaris erythrogramma",22.54,22.09,0.0488571428571428,-0.262738322645281,84,38,218.8,98.8,10,15.1,5.2,129.1,4.57038391224863,6.90127970749543
"220","Fortescue",147.967609,-43.139916,4,2023-03-20,2023-03-27,7,"6","27","3","Heliocidaris erythrogramma",21.76,23.03,-0.196857142857143,-0.515284400359509,89,40,252.7,110.4,19.7,12,6.9,149,7.79580530273051,4.74871388998813
"221","Fortescue",147.967609,-43.139916,4,2023-03-20,2023-03-27,7,"6","27","4","Centrostephanus rodgersii",28.9,25.98,0.401714285714285,-0.0838449740441541,80,39,207.4,145.6,22.9,15.2,10.7,194.4,11.0414657666345,7.32883317261331
"222","Fortescue",147.967609,-43.139916,4,2023-03-20,2023-03-27,7,"6","27","5","Centrostephanus rodgersii",23.68,20.66,0.416,-0.586264306621339,104,47,388.7,224.5,54.3,38.3,15.8,332.9,13.969642397736,9.85335734499614
"223","Fortescue",147.967609,-43.139916,4,2023-03-20,2023-03-27,7,"6","27","6","Heliocidaris erythrogramma",21.13,19.13,0.270285714285714,-0.0529731507889016,93,42,279.8,119.6,10.1,12,8.1,149.8,3.60972122944961,4.28877769835597
"224","Fortescue",147.967609,-43.139916,4,2023-03-20,2023-03-27,7,"6","27","7","Centrostephanus rodgersii",23.51,21.97,0.204571428571429,-0.517527623911057,83,41,276.5,170.3,19.8,15.5,9.5,215.1,7.16094032549729,5.60578661844485
"225","Fortescue",147.967609,-43.139916,4,2023-03-20,2023-03-27,7,"6","27","10","Centrostephanus rodgersii",19.68,11.32,1.17885714285714,-0.122134319474934,103,39,558.9,295.9,60.3,43.9,21,421.1,10.7890499194847,7.85471461799964
"226","Fortescue",147.967609,-43.139916,4,2023-03-20,2023-03-27,7,"6","27","11","Heliocidaris erythrogramma",13.52,13.1,0.0445714285714286,-0.270209459063642,85,48,234,104.7,26.3,14.9,5.2,151.1,11.2393162393162,6.36752136752137
"227","Fortescue",147.967609,-43.139916,4,2023-03-20,2023-03-27,7,"6","27","12","Heliocidaris erythrogramma",14.42,13.66,0.0931428571428571,-0.225844141677539,84,44,255.7,111,13.6,13.8,7.5,145.9,5.31873289010559,5.39694955025421
